Workbook
Name client: #REF!
Name client: #REF!
Name client: #REF!
Name client: #REF!
Name client: #REF!
Name client: #REF!
Name client: #REF!
Name Clinets: #REF!
Name Clinets: #REF!
Name Clinets: #REF!
Name Clinets: #REF!
Name Clinets: #REF!
Name Clinets: #REF!
Name Clinets: #REF!
Name Country: OFFSET([1]القوائم!$B$2,,,COUNTA([1]القوائم!$B$2:$B$300),1)
Name data: #REF!
Name data: '[2]ادخال مستلزمات'!$A$3:$BZ$2003
Name data: #REF!
Name glos: #REF!
Name glos: '[2]ادخال مستلزمات'!$A$3:$A$2003
Name glos: #REF!
Name medicin: [3]مخزن!$C$6:$C$1071
Name MyData: #REF!
Name MyData: #REF!
Name name: #REF!
Name name: #REF!
Name name: #REF!
Name name: #REF!
Name name: #REF!
Name name: #REF!
Name name: #REF!
Name result: #REF!
Name result: '[2]ادخال مستلزمات'!$N$3:$N$2003
Name result: #REF!
Name الأدوية: OFFSET(#REF!,,,COUNTA(#REF!))
Name الأدوية: OFFSET(#REF!,,,COUNTA(#REF!))
Name الأدوية: OFFSET(#REF!,,,COUNTA(#REF!))
Name الأدوية: OFFSET(#REF!,,,COUNTA(#REF!))
Name الأدوية: OFFSET(#REF!,,,COUNTA(#REF!))
Name الأدوية: OFFSET(#REF!,,,COUNTA(#REF!))
Name الأدوية: OFFSET(#REF!,,,COUNTA(#REF!))
Name الأطباء: OFFSET(#REF!,,,COUNTA(#REF!))
Name الأطباء: OFFSET(#REF!,,,COUNTA(#REF!))
Name الأطباء: OFFSET(#REF!,,,COUNTA(#REF!))
Name الأطباء: OFFSET(#REF!,,,COUNTA(#REF!))
Name الأطباء: OFFSET(#REF!,,,COUNTA(#REF!))
Name الأطباء: OFFSET(#REF!,,,COUNTA(#REF!))
Name الأطباء: OFFSET(#REF!,,,COUNTA(#REF!))
Name الجنس: #REF!
Name الجنس: #REF!
Name الجنس: #REF!
Name الجنس: #REF!
Name الجنس: #REF!
Name الجنس: #REF!
Name الجنس: #REF!
Name الجنسيات: OFFSET(#REF!,,,COUNTA(#REF!))
Name الجنسيات: OFFSET(#REF!,,,COUNTA(#REF!))
Name الجنسيات: OFFSET(#REF!,,,COUNTA(#REF!))
Name الجنسيات: OFFSET(#REF!,,,COUNTA(#REF!))
Name الجنسيات: OFFSET(#REF!,,,COUNTA(#REF!))

Sheet الائحة
B1: 1 | C1: 2 | D1: 3 | E1: 4 | F1: 5 | G1: 5
B2: ط | C2: طلوع ونزول | D2: بقاء عادي | E2: بقاء طواريء | F2: انشاء | G2: انتظار
B3: 5 | C3: 250 | D3: 100 | E3: 300 | F3: 1200 | G3: 500
B4: 6 | C4: 250 | D4: 100 | E4: 300 | F4: 1200 | G4: 500
B5: 7 | C5: 250 | D5: 100 | E5: 300 | F5: 1200 | G5: 500
B6: 8 | C6: 250 | D6: 100 | E6: 300 | F6: 1200 | G6: 500
B7: 9 | C7: 250 | D7: 100 | E7: 300 | F7: 1200 | G7: 500
B8: 10 | C8: 250 | D8: 100 | E8: 300 | F8: 1200 | G8: 500
B9: 11 | C9: 250 | D9: 100 | E9: 300 | F9: 1200 | G9: 500
B10: 12 | C10: 250 | D10: 100 | E10: 300 | F10: 1200 | G10: 500
B11: 13 | C11: 250 | D11: 100 | E11: 300 | F11: 1200 | G11: 500
B12: 14 | C12: 250 | D12: 100 | E12: 300 | F12: 1200 | G12: 500
B13: 15 | C13: 250 | D13: 100 | E13: 300 | F13: 1200 | G13: 500
B14: 16 | C14: 300 | D14: 100 | E14: 400 | F14: 1700 | G14: 750
... B38: 40 | C38: 700 | D38: 300 | E38: 800 | F38: 5050 | G38: 1500
B39: 41 | C39: 750 | D39: 350 | E39: 900 | F39: 5900
B40: 42 | C40: 750 | D40: 350 | E40: 900 | F40: 5900
B41: 43 | C41: 750 | D41: 350 | E41: 900 | F41: 5900
B42: 44 | C42: 750 | D42: 350 | E42: 900 | F42: 5900
B43: 45 | C43: 750 | D43: 350 | E43: 900 | F43: 5900

Sheet حساب طلوع القزق
C2: حساب رسوم طلوع القزق مدة (عادية - طواري-انشاء-انتظار )
C4: طول اللنش | E4: عدد الأيام | G4: اسم اللنش | I4: اسم المالك / الوكيل | K4: رقم التلفون
C5: 10 | E5: 10 | G5: فسبر3 | I5: شركة فسبر جروب | J5: 1 | K5: 1110014955
C9: =IFERROR(VLOOKUP($C$5,الائحة!B3:G43,2,0),"") -> 250 | E9: =IFERROR(VLOOKUP($C$5,الائحة!B3:G43,3,0),"") -> 100 | G9: =IFERROR(VLOOKUP($C$5,الائحة!B3:G43,4,0),"") -> 300 | I9: =IFERROR(VLOOKUP($C$5,الائحة!B3:G43,5,0),"") -> 1200 | K9: =IFERROR(VLOOKUP($C$5,الائحة!B3:G43,6,0),"") -> 500
A10: 10 | C10: بيان | E10: عادي | G10: طواريء | I10: انشاء | K10: انتظار | S10: 8
A11: 11 | C11: طلوع ونزول | E11: =C5*C9 -> 2500 | G11: =C9*C5 -> 2500 | I11: =C5*C9/2 -> 1250
A12: 12 | C12: بقاء | E12: =C5*E9*E5 -> 10000 | G12: =C5*G9*E5 -> 30000 | I12: =I9*E5 -> 12000 | K12: =K9*E5 -> 5000 | S12: 10
A13: 13 | C13: خدمة | E13: =E5*100 -> 1000 | G13: =E5*100 -> 1000 | I13: =E5*100 -> 1000 | S13: 11
A14: 14 | C14: المبلغ | E14: =E13+E12+E11 -> 13500 | G14: =G13+G12+G11 -> 33500 | I14: =I13+I12+I11 -> 14250 | S14: 12
A15: 15 | C15: ض | E15: =E14*14% -> 1890 | G15: =G14*14% -> 4690 | I15: =I14*14% -> 1995 | S15: 13
A16: 16 | C16: الإجمالي | E16: =E14+E15 -> 15390 | G16: =G14+G15 -> 38190 | I16: =I14+I15 -> 16245 | K16: =K12 -> 5000 | S16: 14
A17: 17 | S17: 15
A18: 18 | S18: 16
A19: 19 | S19: 17
A20: 20 | S20: 18
A21: 21 | S21: 19
A22: 22 | S22: 20
A23: 23 | S23: 21
A24: 24 | S24: 22
A25: 25 | S25: 23
A26: 26 | S26: 24
A27: 27 | S27: 25
A28: 28 | S28: 26
A29: 29
A30: 30
A31: 31
A32: 32
A33: 33
A34: 34
A35: 35
A36: 36
A37: 37
A38: 38
A39: 39
A40: 40
... A79: 79

Sheet مدة عادية
C5: بيان مبلغ مستحق لطلوع ونزول وبقاء علي القزق (مدة عادية )
C8: اسم العائمة | E8: اسم المالك | I8: الطول
C9: ='حساب طلوع القزق'!G5 -> فسبر3 | E9: ='حساب طلوع القزق'!I5 -> شركة فسبر جروب | I9: ='حساب طلوع القزق'!C5 -> 10
C12: مدة الحجز باليوم | E12: تاريخ الحجز | I12: المبلغ المسدد
C13: ='حساب طلوع القزق'!E5 -> 10 | E13: =TODAY() -> 46038 | I13: ='حساب طلوع القزق'!E16 -> 15390

Sheet 1
C5: ='مدة عادية'!C5:K5 -> بيان مبلغ مستحق لطلوع ونزول وبقاء علي القزق (مدة عادية )
C7: اسم اللنش | D7: ='حساب طلوع القزق'!G5 -> فسبر3
C8: اسم المالك | D8: ='حساب طلوع القزق'!I5 -> شركة فسبر جروب
C9: الطول | D9: ='حساب طلوع القزق'!C5 -> 10 | F9: متر
C10: عدد الأيام | D10: ='حساب طلوع القزق'!E5 -> 10 | F10: يوم
C11: طلوع ونزول | D11: ='حساب طلوع القزق'!C5 -> 10 | E11: × | F11: ='حساب طلوع القزق'!C9 -> 250 | I11: ꓿ | J11: ='حساب طلوع القزق'!G11 -> 2500
C12: بقاء | D12: =D9 -> 10 | E12: × | F12: ='حساب طلوع القزق'!E9 -> 100 | G12: × | H12: =D10 -> 10 | I12: = | J12: ='حساب طلوع القزق'!E12 -> 10000
C13: خدمة | D13: 100 | E13: × | F13: =D10 -> 10 | I13: = | J13: ='حساب طلوع القزق'!E13 -> 1000
C14: الإجمالي | D14: ='حساب طلوع القزق'!E16 -> 15390

Sheet طواريء
C5: بيان مبلغ مستحق لطلوع ونزول وبقاء علي القزق (مدة طواريء)
C8: اسم العائمة | E8: اسم المالك | I8: الطول
C9: ='حساب طلوع القزق'!G5 -> فسبر3 | E9: ='حساب طلوع القزق'!I5 -> شركة فسبر جروب | I9: ='حساب طلوع القزق'!C5 -> 10
C12: مدة الحجز باليوم | E12: تاريخ الحجز | I12: المبلغ المسدد
C13: ='حساب طلوع القزق'!E5 -> 10 | E13: =TODAY() -> 46038 | I13: ='حساب طلوع القزق'!G16 -> 38190

Sheet 2
C5: بيان مبلغ مستحق لطلوع ونزول وبقاء علي القزق (مدة طوريء )
C7: اسم اللنش | D7: ='حساب طلوع القزق'!G5 -> فسبر3
C8: اسم المالك | D8: ='حساب طلوع القزق'!I5 -> شركة فسبر جروب
C9: الطول | D9: ='حساب طلوع القزق'!C5 -> 10 | F9: متر
C10: عدد الأيام | D10: ='حساب طلوع القزق'!E5 -> 10 | F10: يوم
C11: طلوع ونزول | D11: ='حساب طلوع القزق'!C5 -> 10 | E11: × | F11: ='حساب طلوع القزق'!C9 -> 250 | I11: ꓿ | J11: ='حساب طلوع القزق'!G11 -> 2500
C12: بقاء | D12: =D9 -> 10 | E12: × | F12: ='حساب طلوع القزق'!G9 -> 300 | G12: × | H12: =D10 -> 10 | I12: = | J12: ='حساب طلوع القزق'!G12 -> 30000
C13: خدمة | D13: 100 | E13: × | F13: =D10 -> 10 | I13: = | J13: ='حساب طلوع القزق'!E13 -> 1000
C14: الإجمالي | D14: ='حساب طلوع القزق'!G16 -> 38190

Sheet انشاء 
C5: بيان مبلغ مستحق لطلوع ونزول وبقاء علي القزق (انشاء جديد)
C8: اسم العائمة | E8: اسم المالك | I8: الطول
C9: =#REF! -> #REF! | E9: =#REF! -> #REF! | I9: =#REF! -> #REF!
C12: مدة الحجز باليوم | E12: تاريخ الحجز | I12: المبلغ المسدد
C13: =#REF! -> #REF! | E13: =TODAY() -> 46038 | I13: =#REF! -> #REF!

Sheet 3
C4: بيان مبلغ مستحق لانشاء عائمة علي القزق
C5: انشاء
C6: اسم اللنش | D6: ='حساب طلوع القزق'!G5 -> فسبر3
C7: اسم المالك | D7: ='حساب طلوع القزق'!I5 -> شركة فسبر جروب
C8: الطول | D8: ='حساب طلوع القزق'!C5 -> 10 | F8: متر
C9: عدد الأيام | D9: ='حساب طلوع القزق'!E5 -> 10 | F9: يوم
C10: الشريحة للمتر الطولي | D10: ='حساب طلوع القزق'!I9 -> 1200
C11: النزول | E11: =D8 -> 10 | G11: × | H11: ='حساب طلوع القزق'!C9 -> 250 | I11: ꓿ | J11: =E11*H11/2 -> 1250
C12: بقاء | D12: =D9 -> 10 | G12: × | H12: =D10 -> 1200 | I12: = | J12: =D12*H12 -> 12000
C13: خدمة | E13: 100 | G13: × | H13: =D12 -> 10 | I13: = | J13: =E13*H13 -> 1000
C14: الإجمالي | D14: ='حساب طلوع القزق'!I16 -> 16245
C15: =#REF! -> #REF!

Sheet 4
C5: بيان مبلغ مستحق لمدة انتظار عائمة امام القزق
C8: اسم العائمة | F8: اسم المالك / الوكيل | I8: رقم التلفون
C9: ='حساب طلوع القزق'!G5 -> فسبر3 | F9: ='حساب طلوع القزق'!I5 -> شركة فسبر جروب | I9: ='حساب طلوع القزق'!K5 -> 1110014955
D12: طول اللنش | F12: عدد أيام الانتظار | H12: المبلغ المستحق
D13: ='حساب طلوع القزق'!C5 -> 10 | F13: ='حساب طلوع القزق'!E5 -> 10 | H13: ='حساب طلوع القزق'!K16 -> 5000
D15: مدة الانتظار من تاريخ
D16: =TODAY() -> 46038 | G16: الي | H16: =D16+F13 -> 46048
C18: ملحوظة: يكون نهاية اخر يوم للحجز في تمام نهاية يوم العمل المعتاد للقزق
D20: =TODAY() -> 46038
